Original,Model Correction,DetectErreur Correction,DE Modified
Pour ou contre l’ouverture dominicale des commerces?,Pour ou contre l’ouverture dominicale des commerces ?,N/A,N/A
La vie eu XXI siècle est vraiment rapide.,La vie du XXIe siècle est vraiment rapide.,N/A,N/A
"Tout se passe à grand vitesse et beaucoup d’entre nous n’a
pas le temps.",Tout se passe à grande vitesse et beaucoup d’entre nous n’a pas le temps.,N/A,N/A
"En plus c’est le monde de plus en plus commercialisé qui tend à une bénéfice le plus
grand possible.",En plus c’est le monde de plus en plus commercialisé qui tend à un bénéfice le plus grand possible.,N/A,N/A
"En considérant cette réalité est-ce que l’ouverture dominicale des commerces est
une bonne idée?",En considérant cette réalité est-ce que l’ouverture dominicale des commerces est une bonne idée ?,N/A,N/A
"Dans ce document on va envisager les arguments de ce qui sont pour et de ceux qui sont contre cette
solution.","Dans ce document, on va envisager les arguments de ce qui est pour et de ceux qui sont contre cette solution.",N/A,N/A
"Premièrement il faudrait commencer par une constatation que beaucoup des commerces sont déjà
ouverts le dimanche.","Premièrement, il faudrait commencer par une constatation selon laquelle beaucoup de commerces sont déjà ouverts le dimanche.",N/A,N/A
L’idée de les fermer serait une sorte de pierre pour ses employés.,L’idée de les fermer serait une sorte de pierre pour ses employés.,N/A,N/A
"Ils seraient
condamnés à un chomage dont le taux est déjà élevé.",Ils seraient condamnés à un chomage dont le taux est déjà élevé.,N/A,N/A
"Il y a un grand groupe de gens qui ne peuvent
que travailler les week-end p.",Il y a un grand groupe de gens qui ne peuvent que travailler les week-ends p.,N/A,N/A
ex.,Ex.,N/A,N/A
les étudiants.,Les étudiants.,N/A,N/A
"C’est donc souvent une seule possibilité pour eux à
gagner quelque argent.",C’est donc souvent la seule possibilité pour eux de gagner quelque argent.,N/A,N/A
"De l’autre côté, il y a des gens qui tout au long de la semaine sont occupé et ils ne peuvent pas faire
ses achats pendant cette semaine.","De l’autre côté, il y a des gens qui tout au long de la semaine sont occupés et ils ne peuvent pas faire leurs achats pendant cette semaine.",N/A,N/A
Le seul solution peut eux est de le faire le dimanche.,La seule solution possible est de le faire le dimanche.,N/A,N/A
De suite il est indispensable que les pharmacies soient ouvertes également les dimanche.,De suite il est indispensable que les pharmacies soient ouvertes aussi le dimanche.,N/A,N/A
"Sans doute,
chacun parmi nous a déjà eu besoin de ce type des services, surtout en étant le parent.","Sans doute, chacun parmi nous a déjà eu besoin de ce type de services, surtout en tant que parent.",N/A,N/A
"Un autre argument pour est un fait qu’une telle ouverture donne des possibilités aux petites villes à
renaître p.",Un autre argument pour est un fait qu’une telle ouverture donne des possibilités aux petites villes de renaître p.,N/A,N/A
ex.,Ex.,N/A,N/A
socialement ou même culturellement.,Socialement ou même culturellement.,N/A,N/A
"Cela pourrait être une possibilité non
seulement à faire des achats mais aussi de rencontrer les autres.","Cela pourrait être une possibilité non seulement de faire des achats, mais aussi de rencontrer les autres.",N/A,N/A
"On pourrait également y organiser
des évenements, comme p.","On pourrait aussi y organiser des évènements, comme p.",N/A,N/A
ex.,Ex.,N/A,N/A
"des expositions des pièces des théâtre pour apprendre à la culture
des habitants des gens qui n’ont pas une telle chance dehors la vie quotidien.",Des expositions des pièces de théâtre pour apprendre à la culture des habitants des gens qui n’ont pas une telle chance dehors la vie quotidienne.,N/A,N/A
"Néanmoins, il existe aussi un grand nombre des personnes qui s’opposent à ces idées.","Néanmoins, il existe aussi un grand nombre de personnes qui s’opposent à ces idées.",N/A,N/A
"Ils diront sans
doute que c’est inhumaine de priver l’humanité d’un seul jour férié pendant la semaine.",Ils diront sans doute que c’est inhumain de priver l’humanité d’un seul jour férié pendant la semaine.,N/A,N/A
"Et ils ont
peut-être la raison mais si on doublerait les salaires…
Peut-être cela ne serait plus le travail d’esclavage.","Et ils ont peut-être la raison, mais si on doublerait les salaires... Peut-être cela ne serait plus le travail d’esclavage.",N/A,N/A
"En plus il y a des catholiques engagés (surtout en Pologne) pour qui le dimanche est le jour saint et il
doivent le célébrer.",En plus il y a des catholiques engagés (surtout en Pologne) pour qui le dimanche est le jour saint et ils doivent le célébrer.,N/A,N/A
"Selon l’église, le travail le dimanche est interdite.","Selon l’église, le travail le dimanche est interdit.",N/A,N/A
"Sans doute il faut peser tous les pours et les contres pour trouver une bonne solution, de sorte que
chacun soit content.","Sans doute il faut peser tous les pours et les contres pour trouver une bonne solution, de sorte que chacun soit content.",N/A,N/A
Que pensez-vous du réchauffement climatique?,Que pensez-vous du réchauffement climatique ?,N/A,N/A
Le réchauffement climatique concerne tout le monde.,Le réchauffement climatique concerne tout le monde.,N/A,N/A
"L’homme a changé l’environnement à tel point
qu’il est indispensable d’entreprendre des actions concretes et multidimensionnelles pour ralentir le
processus de réchauffement climatique.",L’homme a changé l’environnement à ce point qu’il est indispensable d’entreprendre des actions concrètes et multidimensionnelles pour ralentir le processus de réchauffement climatique.,N/A,N/A
"L’émission de dioxide de carbone ou de la souffre influence
négativement sur la couche d’ozone.",L’émission de dioxyde de carbone ou de la souffrance influence négativement sur la couche d’ozone.,N/A,N/A
"Ce qui en résulte ce sont les pluies acides et la pollution
progressive des sds.",Ce qui en résulte ce sont les pluies acides et la pollution progressive des sds.,N/A,N/A
"De différents écosystemes sont détruits chaque jour et les gouvernements ne
font rien pour arrêter cette déstruction.",De différents écosystemes sont détruits chaque jour et les gouvernements ne font rien pour arrêter cette déstruction.,N/A,N/A
Le réchauffement climatique touche l’agriculture aussi.,Le réchauffement climatique touche aussi l’agriculture.,N/A,N/A
"Les
fruits et les légumes ne peuvent pas s’accoutumer à des conditions nouvelles.",Les fruits et les légumes ne peuvent pas s’accoutumer à des conditions nouvelles.,N/A,N/A
"Le cycle des saisons
n’est plus prédictible, les banquises éffoudrent et beaucoup d’animaux commencent à souffrir de la
famine par ce que l’équilibre naturel et fondamental n’est plus conservé.","Le cycle des saisons n’est plus prédictible, les banquises éffoudrent et beaucoup d’animaux commencent à souffrir de la famine par ce que l’équilibre naturel et fondamental n’est plus conservé.",N/A,N/A
"Ce qui est le plus
surprenant c’est l’attitude des gens.","Ce qui est le plus surprenant, c’est l’attitude des gens.",N/A,N/A
"Ils ne se sentent pas responable de la situation effrayante qui a
lieu autour d’eux.",Ils ne se sentent pas responsable de la situation effrayante qui a lieu autour d’eux.,N/A,N/A
"Le réchauffement des océans est pour eux une question si éloignée dans l’espace
et dans le temps qu’ils ne veulent pas même l’aborder.",Le réchauffement des océans est pour eux une question si éloignée dans l’espace et dans le temps qu’ils ne veulent même pas l’aborder.,N/A,N/A
"Le réchauffement climatique est un processus
qui existe sur notre planète depuis toujours, mais c’est à cause de l’homme, de son activité au niveau
industriel, qua la portée de ce phénomène est beaucoup plus visible et inquiétante aujourd’hui.","Le réchauffement climatique est un processus qui existe sur notre planète depuis toujours, mais c’est à cause de l’homme, de son activité au niveau industriel, et la portée de ce phénomène est beaucoup plus visible et inquiétante aujourd’hui.",N/A,N/A
"Un
autre exemple, les forêts amazoniennes.","Un autre exemple, les forêts amazoniennes.",N/A,N/A
"La déforestation conduit à l’extinction des especes, la
biodiversité « n’existe » pas.","La déforestation conduit à l’extinction des espèces, la biodiversité « n’existe » pas.",N/A,N/A
L’absence des arbres est très dangereux pour nous.,L’absence d'arbres est très dangereux pour nous.,N/A,N/A
"Le niveau de
l’oxygène baisse et le niveau de CO2 augmente.",Le niveau d'oxygène baisse et le niveau de CO2 augmente.,N/A,N/A
"Cela résulte en effet de serre qui ne conduit qu’à
l’augmentation de la température.",Cela résulte en effet de serre qui ne conduit qu’à l’augmentation de la température.,N/A,N/A
"Le réchauffement climatique n’influence pas seulement la nature, mais avant tout l’homme.","Le réchauffement climatique n’influence pas seulement la nature, mais avant tout l’homme.",N/A,N/A
"De
nouvelles maladies auxquelles la médecine doit faire face sont un résultat visible des changements
dans le milieu naturel.",De nouvelles maladies auxquelles la médecine doit faire face sont un résultat visible des changements dans le milieu naturel.,N/A,N/A
"Les grandes compagnies autour du monde doivent créer de nouveaux
médicaments aux maladies des poumons, allérgies qui deviennent de plus en plus fréquentes,
maladies de système digestif, etc.","Les grandes compagnies autour du monde doivent créer de nouveaux médicaments aux maladies des poumons, allérgies qui deviennent de plus en plus fréquentes, maladies du système digestif, etc.",N/A,N/A
"L’homme est une partie inhérente de la nature alors chaque
changement au sein de la nature influence sa santé et vie.",L’homme est une partie inhérente de la nature alors chaque changement au sein de la nature influence sa santé et sa vie.,N/A,N/A
"L’exploitation excessive des recherches naturelles accelère et cela implique l’apparition de nouvelles
obstacles que l’homme – un jour- ne sera pas capable de franchir.",L’exploitation excessive des recherches naturelles accélére et cela implique l’apparition de nouveaux obstacles que l’homme – un jour- ne sera pas capable de franchir.,N/A,N/A
"Je ne pense pas qu’il soit possible de changer l’attitude humaine envers cette question parce que
beaucoup d’organisations mondiales qui défendent l’environnement ne peuvent pas influencer ceux
qui prennent les décisions sur échelle internationale.",Je ne pense pas qu’il soit possible de changer l’attitude humaine envers cette question parce que beaucoup d’organisations mondiales qui défendent l’environnement ne peuvent pas influencer ceux qui prennent les décisions sur une échelle internationale.,N/A,N/A
"Malheureusement, le constat est triste, mais je
crois que c’est à cause de la nature humaine qu’on ne peut pas changer beaucoup de choses.","Malheureusement, le constat est triste, mais je crois que c’est à cause de la nature humaine qu’on ne peut pas changer beaucoup de choses.",N/A,N/A
"Le réchauffement climatique est un processus progressif, mais par le biais de travail de certaines
organisations on peut veiller d’une certaine manière sur ce phénomène inquiétant.","Le réchauffement climatique est un processus progressif, mais par le biais du travail de certaines organisations on peut veiller d’une certaine façon sur ce phénomène inquiétant.",N/A,N/A
"Une hausse
globale des températures pourrait être facilement arrêtée mais l’homme ne veut pas l’arrêter.","Une hausse globale des températures pourrait être facilement arrêtée, mais l’homme ne veut pas l’arrêter.",N/A,N/A
"C’est

un paradoxe et un vrai cercle vicieux parce que tout le monde en parle et tout le monde ne veut pas
entendre ce qu’on dit.",C’est un paradoxe et un vrai cercle vicieux parce que tout le monde en parle et tout le monde ne veut pas entendre ce qu’on dit.,N/A,N/A
La production de vin et des noix par exemple est dépendante de la température.,La production de vin et de noix par exemple est dépendante de la température.,N/A,N/A
"La saison des fruits
ne peut avoir lieu si les températures fluctuent.",La saison des fruits ne peut avoir lieu si les températures fluctuent.,N/A,N/A
"La biodiversité est un vrai héritage des zones polaires
n’est pas capable de survivre.",La biodiversité est un vrai héritage des zones polaires n’est pas capable de survivre.,N/A,N/A
Il est triste d’observer tout cela et de ne pas pouvoir agir.,Il est triste d’observer tout cela et de ne pas pouvoir agir.,N/A,N/A
"Malheureusement l’argent et les bénéfices propulsent l’économie mondiale et tout ce qui aapporte
des bénéfices est supporté.",Malheureusement l’argent et les bénéfices propulsent l’économie mondiale et tout ce qui a apporté des bénéfices est soutenu.,N/A,N/A
"Le réchauffement climatique est une sujet qu’on voudrait cacher et
« jeter dans la poubelle » mais on a pas assez de courage pour le faire.",Le réchauffement climatique est un sujet qu’on voudrait cacher et « jeter dans la poubelle » mais on n'a pas assez de courage pour le faire.,N/A,N/A
"Ce qui est intéressant c’est le fait que les grandes sociétés xxxxx xxxxxxx (illisible) qu’elles agissent
vivement sur la situation inquiétante.","Ce qui est intéressant, c’est le fait que les grandes sociétés xxxxx xxxxx (illisible) agissent vivement sur la situation inquiétante.",N/A,N/A
"Elles modifient le processus de production, limitent l’esmission
de gaz toxiques, elles commencent à promouvoir l’agriculture bio, etc.","Elles modifient le processus de production, limitent l’émission de gaz toxiques, elles commencent à promouvoir l’agriculture bio, etc.",N/A,N/A
"Pour moi, c’est incompréhensible est inapprouvable, mais c’est la réalité dans laquelle il faut
fonctionner.","Pour moi, c’est incompréhensible et inapprouvable, mais c’est la réalité dans laquelle il faut fonctionner.",N/A,N/A
"Partir étudier à l’étranger, pour ou contre?","Partir étudier à l’étranger, pour ou contre ?",N/A,N/A
Etudier à l’étranger est une possibilité incontestable pour les étudiants.,Étudier à l’étranger est une possibilité incontestable pour les étudiants.,N/A,N/A
"Ils peuvent améliorer leurs
capacités linguistiques et élargir leurs idées.",Ils peuvent améliorer leurs capacités linguistiques et élargir leurs idées.,N/A,N/A
"De plus, c’est une occasion d’apprendre et de comparer
une autre culture avec la notre.","De plus, c’est une occasion d’apprendre et de comparer une autre culture avec la nôtre.",N/A,N/A
"Cependant, il est évident que cette possibilité peut s’avérer une
échec.","Cependant, il est évident que cette possibilité peut s’avérer un échec.",N/A,N/A
"Parmi un vaste évantail d’inconveniences, je peux évoquer le manque de famille et de proches
d’un élève et la nécessité à s’habituer aux nouvelles conditions de vie.","Parmi un vaste éventail d’inconvénients, je peux évoquer le manque de famille et de proches d’un élève et la nécessité de s’habituer aux nouvelles conditions de vie.",N/A,N/A
Il est évident que chaque séjour à l’étranger est très enrichissant.,Il est évident que chaque séjour à l’étranger est très enrichissant.,N/A,N/A
"Chaque fois que nous voyagons,
nous apprenons de nouvelles choses.","Chaque fois que nous voyagons, nous apprenons de nouvelles choses.",N/A,N/A
"Cette situation est aventageuse surtout pour ceux qui
apprenent une langue qui est répandue dans un pays que nous visitons.",Cette situation est aventageuse surtout pour ceux qui apprennent une langue qui est répandue dans un pays que nous visitons.,N/A,N/A
"Faire des études à l’étranger
est donc une chance pour améliorer des capacités linguistiques d’un élève.",Faire des études à l’étranger est donc une chance pour améliorer les capacités linguistiques d’un élève.,N/A,N/A
"Puisque pendant des
études on a beaucoup d’occasions pour se faire des amis, nous observons une échange constante
entre des élèves.","Puisque pendant des études on a beaucoup d’occasions pour se faire des amis, nous observons un échange constant entre les élèves.",N/A,N/A
"Chaque personne présente un point de vue et une idéologie de vie différente donc
c’est intéressant aussi par rapport à notre développement personnel.",Chaque personne présente un point de vue et une idéologie de vie différente donc c’est intéressant aussi par rapport à notre développement personnel.,N/A,N/A
"Il faut mettre en exergue que
les natifs d’une langue parlent d’une manière très particulière.",Il faut mettre en exergue que les natifs d’une langue parlent d’une manière très particulière.,N/A,N/A
"On n’a pas d’occasion d’acquérir ce
type de langage pendant des cours à l’école.",On n’a pas eu l’occasion d’acquérir ce type de langage pendant des cours à l’école.,N/A,N/A
"Les natifs utilisent de l’argot et d’autres formes donc
chaque contact avec eux est une aventage incontestable.",Les natifs utilisent de l’argot et d’autres formes donc chaque contact avec eux est un aventage incontestable.,N/A,N/A
"De plus, grâce à un séjour linguistique à
l’étranger, nous pouvons connaître une autre culture.","De plus, grâce à un séjour linguistique à l’étranger, nous pouvons connaître une autre culture.",N/A,N/A
"Cet apprentissage direct est le meilleur moyen
pour comparer une autre culture à celle que nous connaissons déjà.",Cet apprentissage direct est le meilleur moyen pour comparer une autre culture à celle que nous connaissons déjà.,N/A,N/A
"Pas besoin de souligner que c’est
une acquisition très agréable car nous apprenons de manière inconsciente.","Pas besoin de souligner que c’est une acquisition très agréable, car nous apprenons de manière inconsciente.",N/A,N/A
"A côté de toutes les possibilités et les aventages qui résultent de fait de partir étudier à l’étranger, il y
a aussi des desaventages."," côté de toutes les possibilités et des aventages qui résultent du fait de partir étudier à l’étranger, il y a aussi des desaventages.",N/A,N/A
"Quitter son pays, c’est toujours une situation stréssante.","Quitter son pays, c’est toujours une situation difficile.",N/A,N/A
"Si nous sommes
habitués aux certaines conditions de vie, il est difficile de partir et de tout commencer à zéro.","Si nous sommes habitués à certaines conditions de vie, il est difficile de partir et de tout commencer à zéro.",N/A,N/A
"Au
début, quand on ne connaît personne et quand tout nous est inconnu, il faut avouer que ce n’est pas
facile à surmonter.","Au début, quand on ne connaît personne et quand tout nous est inconnu, il faut avouer que ce n’est pas facile à surmonter.",N/A,N/A
"Pire encore, cette situation peut provoquer des dépressions et d’autres maladies
psycho-somatiques.","Pire encore, cette situation peut provoquer des dépressions et d’autres maladies psychosomatiques.",N/A,N/A
Notre organisme manifeste ainsi sa malaise.,Notre organisme manifeste ainsi sa malaise.,N/A,N/A
"De plus, partir à l’étranger exige de
quitter nos amis et nos proches ce qui n’est pas évident.","De plus, partir à l’étranger exige de quitter nos amis et nos proches ce qui n’est pas évident.",N/A,N/A
"Il faut être prêt de se faire de nouveaux
amis ou bien de se préparer pour une solitude.",Il faut être prêt de se faire de nouveaux amis ou bien se préparer pour une solitude.,N/A,N/A
"Pour conclure, partir étudier à l’étranger a autant d’aventages que d’inconvéniences.","Pour conclure, partir étudier à l’étranger a autant d’aventures que d’inconvénients.",N/A,N/A
"Il est évident
qu’un séjour de ce type peut nous aider à améliorer nos capacités linguistiques et à connaître une
autre culture.",Il est évident qu’un séjour de ce type peut nous aider à améliorer nos capacités linguistiques et à connaître une autre culture.,N/A,N/A
"Mais aussi, c’est une situation qui exigue de laisser nos familles et nos proches.","Mais aussi, c’est une situation qui excite à laisser nos familles et nos proches.",N/A,N/A
Cela peut donc avoir de graves conséquences pour notre santé.,Cela peut donc avoir de graves conséquences pour notre santé.,N/A,N/A
"Partir étudier à l’étranger, pour ou contre?","Partir étudier à l’étranger, pour ou contre ?",N/A,N/A
"Je suis pour à partir étudier à l’étranger, qui nous permet de nous améliorer à la fois sur la structure
cognitive et sur la capacité personnelle.","Je suis pour partir étudier à l’étranger, ce qui nous permet de nous améliorer à la fois sur la structure cognitive et sur la capacité personnelle.",N/A,N/A
"D’une part, on se met dans un nouvel environnement où il
n’y a pas personne connue.","D’une part, on se met dans un nouvel environnement où il n’y a personne connu.",N/A,N/A
"Ce que l’on doit apprendre est de nous adapter à la nouvelle vie plus vite
que possible et de bien nous occuper les affaires personnelles.",Ce que l’on doit apprendre est de nous adapter à la nouvelle vie plus vite que possible et de bien nous occuper des affaires personnelles.,N/A,N/A
"D’autre part, c’est une opportunité de rencontre différentes personnes et différentes connaissances
qui nous permettent d’élargir le domaine cognitif.","D’autre part, c’est une opportunité de rencontrer différentes personnes et différentes connaissances qui nous permettent d’élargir le domaine cognitif.",N/A,N/A
"Il est possible que la structure d’enseignement est
totalement différente de ce que l’on a déjà eu et les moyens d’apprentissage sont beaucoup plus
variantes de ce que l’on a perçu.",Il est possible que la structure d’enseignement soit totalement différente de ce que l’on a déjà eu et les moyens d’apprentissage sont beaucoup plus variantes de ce que l’on a perçu.,N/A,N/A
"Tous ces modifications nous donnent chances de nous
perfectionner.",Toutes ces modifications nous donnent chances de nous perfectionner.,N/A,N/A
"---

Partir étudier à l’étranger, pour ou contre?","Partir étudier à l’étranger, pour ou contre ?",N/A,N/A
"Aujourd’hui il y a de plus en plus des étudiants partent partent à l’étranger pour continuer leurs
études.",Aujourd’hui il y a de plus en plus d'étudiants qui partent à l’étranger pour continuer leurs études.,N/A,N/A
"Sur cela, différentes personnes ont des différentes opinions.","Sur cela, différentes personnes ont des opinions différentes.",N/A,N/A
"Personnellement, je suis pour ce
comportement c’est la raison pour laquelle je suis en France maintenant.","Personnellement, je suis pour ce comportement, c’est la raison pour laquelle je suis en France maintenant.",N/A,N/A
"Il est évident, pour les étudiants de langues, qu’il et une méthode efficace et importante d’étudier à
l’étranger.","Il est évident, pour les étudiants de langues, qu’il y a une méthode efficace et importante d’étudier à l’étranger.",N/A,N/A
Cette expérience leur met dans la situation remplie par la circonstance de cette langue.,Cette expérience leur met dans une situation remplie par la circonstance de cette langue.,N/A,N/A
"Par exemple, si j’apprends le français toujours en Chine, je ne peut presque jamais de parler comme
un natif car il y a peu de chance de toucher le vrai méthode que les français parlent.","Par exemple, si j’apprends le français toujours en Chine, je ne peux presque jamais parler comme un natif, car il y a peu de chance de toucher la véritable méthode que les Français parlent.",N/A,N/A
"Pourtant, si je
l’apprend en France, je peux parler avec les natifs et apprendre comme ils parlent.","Pourtant, si je l’apprends en France, je peux parler avec les natifs et apprendre comme ils parlent.",N/A,N/A
"En outre, étudier à l’étranger nous permet de être plus proche avec la culture locale.","En outre, étudier à l’étranger nous permet d'être plus proche de la culture locale.",N/A,N/A
"Dans notre pays
natal, on peut juste connaître la culture et la vie française par la télévision et des nouvelles, mais en
France, on peut faire l’expérience des événements en France.","Dans notre pays natal, on peut juste connaître la culture et la vie française par la télévision et des nouvelles, mais en France, on peut faire l’expérience des événements en France.",N/A,N/A
"Je prends les manifestations e les
grèves comme exemples, en Chine, je ne les vois que sur Internet ou sur les journaux, mais en
France, je les vois dans ma vie en réel et cela me donne des sentiment plus forts.","Je prends les manifestations et les grèves comme exemples, en Chine, je ne les vois que sur Internet ou sur les journaux, mais en France, je les vois dans ma vie en réel et cela me donne des sentiments plus forts.",N/A,N/A
"Pour conclure, puisque étudier à l’étranger me donne plus de chance d’étudier la langue française et
de connaitre la culture mieux, je suis heureuse d’étudier ici.","Pour conclure, puisque étudier à l’étranger me donne plus de chance d’étudier la langue française et de mieux connaître la culture, je suis heureuse d’étudier ici.",N/A,N/A
"---

Partir étudier à l’étranger, pour ou contre?","Partir étudier à l’étranger, pour ou contre ?",N/A,N/A
"Avec la mondialisation, il y a de plus en plus d’élèves qui font le choix d’étudier à l’étranger.","Avec la mondialisation, il y a de plus en plus d’élèves qui font le choix d’étudier à l’étranger.",N/A,N/A
"On a la
diversité entre deux opinions sur ce sujet.",On a la diversité entre deux opinions sur ce sujet.,N/A,N/A
"Certes, les élèves qui choisissent étudier à l’étranger vont
faire face aux défis d’étude dans un nouveaux environnement et d’adaptation aux circonstances
nouvelles.","Certes, les élèves qui choisissent d'étudier à l’étranger vont faire face aux défis d’étude dans un nouvel environnement et d’adaptation aux circonstances nouvelles.",N/A,N/A
"Ils ont la possibilité d’avoir des problèmes psychologiques au physiques parce qu’ils ne
peuvent pas s’adapter.",Ils ont la possibilité d’avoir des problèmes psychologiques aux physiques parce qu’ils ne peuvent pas s’adapter.,N/A,N/A
"Cependant, à mon avis, l’étude à l’étranger est favorable à poursuivre les
études.","Cependant, à mon avis, l’étude à l’étranger est favorable à poursuivre les études.",N/A,N/A
"Premièrement, les élèves peuvent étudier les connaissances plus avancées dans les régions les plus
développées de la discipline.","Premièrement, les élèves peuvent étudier les connaissances les plus avancées dans les régions les plus développées de la discipline.",N/A,N/A
"Deuxièmement, ils peuvent expérimenter différents concepts et
méthodes pédagogiques.","Deuxièmement, ils peuvent expérimenter différents concepts et méthodes pédagogiques.",N/A,N/A
Cela les aide à développer différentes façons de penser.,Cela les aide à développer différentes façons de penser.,N/A,N/A
"Troisièmement, les
différents environnements culturels et sociaux peuvent enrichir les expériences personnelles dans les
pays étrangers.","Troisièmement, les différents environnements culturels et sociaux peuvent enrichir les expériences personnelles dans les pays étrangers.",N/A,N/A
"Donc, je crois qu’il est plus avantageux d’étudier à l’étranger pour les élèves.","Donc, je crois qu’il est plus avantageux d’étudier à l’étranger pour les élèves.",N/A,N/A
"---

Partir étudier à l’étranger, pour ou contre?","Partir étudier à l’étranger, pour ou contre ?",N/A,N/A
"Ces dernières années, grâce au développement de la mondialisation, de plus en plus des étudiants
choisissent d’aller à l’étranger pour faire leurs études.","Ces dernières années, grâce au développement de la mondialisation, de plus en plus d'étudiants choisissent d’aller à l’étranger pour faire leurs études.",N/A,N/A
"Cela apporte beaucoup d’avantages mais en
même temps, il apparait quelques problèmes qui va influencer la décision d’étudier à l’étranger, par
exemple, la problème de finance et de sécurité.","Cela apporte beaucoup d’avantages, mais en même temps, il apparait quelques problèmes qui va influencer la décision d’étudier à l’étranger, par exemple, le problème de finances et de sécurité.",N/A,N/A
"Personnellement, je suis pour aux étudiant d’étudier
à l’étranger.","Personnellement, je suis pour les étudiants qui étudient à l’étranger.",N/A,N/A
"Pour faire des études à l’étranger, il faut apprendre une nouvelle langue qui signifie qu’on peut
savoir des cultures des autres pays.","Pour faire des études à l’étranger, il faut apprendre une nouvelle langue qui signifie qu’on peut connaître les cultures des autres pays.",N/A,N/A
Je pense que c’est plutôt intéressant.,Je pense que c’est plutôt intéressant.,N/A,N/A
"Je prends des exemples des
étudiants chinois.",Je prends des exemples des étudiants chinois.,N/A,N/A
"Quand ils apprends une langue nouvelle comme l’anglais et français, ils peuvent
aussi acquérir des connaissances de culture occidentale qui est vraiment différente que la civilisation
chinoise.","Quand ils apprennent une langue nouvelle comme l’anglais et le français, ils peuvent aussi acquérir des connaissances de culture occidentale qui est vraiment différente de la civilisation chinoise.",N/A,N/A
C’est pendant cette période qu’ils peut ouvrir la horizon.,C’est pendant cette période qu’ils peuvent ouvrir l'horizon.,N/A,N/A
"Ensuite, quand les étudiants arrivent à l’étranger sans l’accompagnement de leur parents, ils doivent
devenir plus indépendants.","Ensuite, quand les étudiants arrivent à l’étranger sans l’accompagnement de leurs parents, ils doivent devenir plus indépendants.",N/A,N/A
"Ils doivent cuisiner, faire le ménage par soi-mêmes.","Ils doivent cuisiner, faire le ménage par soi-mêmes.",N/A,N/A
"Pour s’intégrer aux
étudiants natales, il faut plus courageux.","Pour s’intégrer aux étudiants natals, il faut être plus courageux.",N/A,N/A
C’est après avoir conquérir ces problème qu’on va grandir.,C’est après avoir conquérir ces problèmes qu’on va grandir.,N/A,N/A
"Malgré des problèmes financière ou sécuritaires, à mon avis, partir étudier à l’étranger a plus
davantages que désavantage, c’est plutôt une bonne idée d’acquérir des connaissances différents et
d’avoir une expérience excellente.","Malgré des problèmes financiers ou sécuritaires, à mon avis, partir étudier à l’étranger a plus de avantages que désavantage, c’est plutôt une bonne idée d’acquérir des connaissances différentes et d’avoir une expérience excellente.",N/A,N/A
"---

Partir étudier à l’étranger, pour ou contre?","Partir étudier à l’étranger, pour ou contre ?",N/A,N/A
"De nos jours, avec le développement du transport et nos curiosité croissante de découvrir le nouveau
monde, partir étudier à l’étranger devient un phénomène banal.","De nos jours, avec le développement du transport et notre curiosité croissante de découvrir le nouveau monde, partir étudier à l’étranger devient un phénomène banal.",N/A,N/A
"Cela nous amène à nous interroger
si l’engouement pour ce déplacement apporte plus d’avantages que les inconvénients?",Cela nous amène à nous interroger si l’engouement pour ce déplacement apporte plus d’avantages que les inconvénients ?,N/A,N/A
"Tous d’abord, la solitude et la nostalgie pèse inévitablement car le sentiment d’être mis à l’écart est
répandu chez les étudiants étrangers.","Tout d’abord, la solitude et la nostalgie pèse inévitablement, car le sentiment d’être mis à l’écart est répandu chez les étudiants étrangers.",N/A,N/A
"Par exemple, la plupart de mes amis se plaignent de la
difficulté à s’intégrer à la xxxxx et quelques-uns deviennent de plus en plus renfermés.","Par exemple, la plupart de mes amis se plaignent de la difficulté à s’intégrer à la xxxx et quelques-uns deviennent de plus en plus renfermés.",N/A,N/A
"Ensuite la
barrière de langue joue non seulement sur nos études mais aussi sur la vie communautaire car un
échanges difficile avec ceux qui nous entourent pose un obstacle constant.","Ensuite la barrière de langue joue non seulement sur nos études, mais aussi sur la vie communautaire, car un échange difficile avec ceux qui nous entourent pose un obstacle constant.",N/A,N/A
"De plus, il faut prendre du
temps pour nous acculturer du fait qu’il existe une grande disparité entre les pays différents.","De plus, il faut prendre du temps pour nous accroître du fait qu’il existe une grande disparité entre les pays différents.",N/A,N/A
"En ce
qui me concerne, j’ai encore une faible pour la nourriture asiatique et j’ai du mal à comprendre la
mentalité française.","En ce qui me concerne, j’ai encore une faiblesse pour la nourriture asiatique et j’ai du mal à comprendre la mentalité française.",N/A,N/A
"Enfin, nous devons avouer que le coût de la vie est relativement élevé dans un
pays développé et que le fait que le prix inabordable fait repousser un étudiant étranger n’est pas
rare.","Enfin, nous devons avouer que le coût de la vie est relativement élevé dans un pays développé et que le fait que le prix inabordable fait repousser un étudiant étranger n’est pas rare.",N/A,N/A
"Néanmoins, il existe aussi des avantages non négligeables et qui investiront sur notre futur.","Néanmoins, il existe aussi des avantages non négligeables qui investiront dans notre futur.",N/A,N/A
"Cette
immersion totale dans un autre pays nous permet de mieux apprendre sa langue et sa culture parce
que nous apprenons sur le tas et que nos expérience et nos connaissance ne se confinent plus aux
manuels scolaire ou aux actualités.",Cette immersion totale dans un autre pays nous permet de mieux apprendre sa langue et sa culture parce que nous apprenons sur le tas et que notre expérience et notre connaissance ne se limitent plus aux manuels scolaires ou aux actualités.,N/A,N/A
"En outre, toutes les difficultés que nous avons mentionnées nous
obligent de nous débrouiller, d’être indépendants, autonomes et persévérants car l’environnement
peut modifier nos personnalités et former nos qualité.","En outre, toutes les difficultés que nous avons mentionnées nous obligent à nous débrouiller, d’être indépendants, autonomes et persévérants, car l’environnement peut modifier nos personnalités et former nos qualités.",N/A,N/A
"Pour ma part, je surmonte progressivement ma timidité grâce aux exposés et au travail du groupe.","Pour ma part, je surmonte progressivement ma timidité grâce aux exposés et au travail du groupe.",N/A,N/A
"Enfin, d’un point de vue utilitaire, cette expérience à l’étranger est un atout qui peut nous aider à
trouver un bon emploi parce que les grandes sociétés donne la priorité à ceux qui ont un esprit multi
culturel.","Enfin, d’un point de vue utilitaire, cette expérience à l’étranger est un atout qui peut nous aider à trouver un bon emploi parce que les grandes sociétés donnent la priorité à celles qui ont un esprit multiculturel.",N/A,N/A
"Pour conclure, partir étudier à l’étranger est à double tranchant.","Pour conclure, partir étudier à l’étranger est à double tranchant.",N/A,N/A
"D’un côté, la solitude, la langue,
l’habitude différentes et le coût de vie nous pose des problème, d’un autre côté, nous pouvons
mieux nous épanouir grâce à cette immersion extraordinaire et cette expérience gratifiante.","D’un côté, la solitude, la langue, les habitudes différentes et le coût de la vie nous pose des problèmes, d’un autre côté, nous pouvons mieux nous épanouir grâce à cette immersion extraordinaire et cette expérience gratifiante.",N/A,N/A
"---

Partir étudier à l’étranger, pour ou contre?","Partir étudier à l’étranger, pour ou contre ?",N/A,N/A
"Avec l’avènement de la mondialisation, faire des études à l’étranger n’est plus un projet irréaliste.","Avec l’avènement de la mondialisation, faire des études à l’étranger n’est plus un projet irréaliste.",N/A,N/A
"Mais en même temps, il existe une voix qui s’élève contre le déplacement et insiste sur les
contraintes qu’étudier à l’étranger peuvent opporte.","Mais en même temps, il existe une voix qui s’élève contre le déplacement et insiste sur les contraintes qu’étudier à l’étranger peut opportuniser.",N/A,N/A
"En conséquence, nous allons demander si le
séjour à l’étranger avec le but professionnel est un atout pour le développement personnel ou bien il
entraîne de protéiformes difficultés pour les étudiants, voire des familles.","En conséquence, nous allons demander si le séjour à l’étranger avec le but professionnel est un atout pour le développement personnel ou bien entraîne des protéiformes difficultés pour les étudiants, voire des familles.",N/A,N/A
"Avant tout, le coût élevé et parfois astronmique reste l’argument phare aux yeux des opposants.","Avant tout, le coût élevé et parfois astronmique reste l’argument phare aux yeux des opposants.",N/A,N/A
"En
mettant en considération l’aspect financier de la famille.",En mettant en considération l’aspect financier de la famille.,N/A,N/A
"Ils s’inquiètent plus de la dégringolade de
qualité de vie au sein du cercle familial à cause des sommes considérables versées pour les frais
d’instruction et les pensions chaque années.",Ils s’inquiètent plus de la dégringolade de qualité de vie au sein du cercle familial à cause des sommes considérables versées pour les frais d’instruction et les pensions chaque année.,N/A,N/A
"En outre, les mœurs étrangers à la fois alimentaires et aussi culturels qui ne sont pas propres aux
étudiants étrangers pourraient plonger les non-natifs dans les malentendus liés à cette différence.","En outre, les murs étrangères à la fois alimentaires et aussi culturelles qui ne sont pas propres aux étudiants étrangers pourraient plonger les non-natifs dans les malentendus liés à cette différence.",N/A,N/A
"Si
l’on s’en tient à un seul exemple, c’est le cas de salutation.","Si l’on tient à un seul exemple, c’est le cas de salutation.",N/A,N/A
"En France, « dire bonjour » ne se
cantonne pas à nos connaissances, en revanche, ce rituel de salutation s’étend aussi naturellement
aux inconnus.","En France, « dire bonjour » ne se cantonne pas à nos connaissances, en revanche, ce rituel de salutation s’étend aussi naturellement aux inconnus.",N/A,N/A
"Toutefois, les chinois n’ont pas l’habitude de saluer ceux que l’on ne connait pas.","Toutefois, les Chinois n’ont pas l’habitude de saluer ceux que l’on ne connait pas.",N/A,N/A
"Malgré les opinions opposantes, les défenseurs sont quand même fermes dans leur position.","Malgré les opinions opposantes, les défenseurs sont quand même fermes dans leur position.",N/A,N/A
"D’abord, il est préférable pour les apprenants de langue de s’immerger totalement dans « le bain
linguistique » en vue de se perfectionner la langue cible.","D’abord, il est préférable pour les apprenants de langue de s’immerger totalement dans « le bain linguistique » en vue de se perfectionner la langue cible.",N/A,N/A
"Par ailleurs, l’occasion de rencontrer des
gens issus de différents pays et embrasser les xxxxx xxxx diversité inouïe constitue aussi un facteur
attractif pour les étudiants.","Par ailleurs, l’occasion de rencontrer des gens issus de différents pays et d'embrasser la diversité inoue constitue aussi un facteur attractif pour les étudiants.",N/A,N/A
"Les échanges avec les natifs aident donc d’élargir les horizons et de
s’écarter de l’esprit borné.",Les échanges avec les natifs aident donc à élargir les horizons et à s’écarter de l’esprit borné.,N/A,N/A
"Au bout du compte, pour toutes les raisons que nous avons évoquées, je suis convaincue que faire
des études à l’étranger a encore de beaux jours devant moi et on ne peut que s’en réjouir et
souhaiter la bonne continuité de son développement.","Au bout du compte, pour toutes les raisons que nous avons évoquées, je suis convaincue que faire des études à l’étranger a encore de beaux jours devant moi et on ne peut que s’en réjouir et souhaiter la bonne continuité de son développement.",N/A,N/A
"---

Partir étudier à l’étranger, pour ou contre?","Partir étudier à l’étranger, pour ou contre ?",N/A,N/A
"En ce qui concerne cette question, je suis pour.","En ce qui concerne cette question, je suis pour.",N/A,N/A
"À mon avis, étudier à l’étranger,
c’est les échanges qui sont plus important que les études."," mon avis, étudier à l’étranger, c’est les échanges qui sont plus importants que les études.",N/A,N/A
"Autrement dit, les études
sont seulement une partie des échanges.","Autrement dit, les études sont seulement une partie des échanges.",N/A,N/A
"Par exemple, si l’on fait les études à
l’étranger, on devrait discuter ou changer d’avis sur les cours avec les camarades
qui viennent de différents pays.","Par exemple, si l’on fait les études à l’étranger, on devrait discuter ou changer d’avis sur les cours avec les camarades qui viennent de différents pays.",N/A,N/A
"Donc, ce processus est un échange linguistique.","Donc, ce processus est un échange linguistique.",N/A,N/A
"Sauf les échanges linguistiques, nous avons faire des amis, peut-être les amis
internationaux ou les amis natifs.","Sauf les échanges linguistiques, nous avons fait des amis, peut-être les amis internationaux ou les amis natifs.",N/A,N/A
"Lors des contacts avec eux, nous ferons les
échanges culturels, cela nous fait étendre notre horizon.","Lors des contacts avec eux, nous ferons des échanges culturels, cela nous fait étendre notre horizon.",N/A,N/A
"Par conséquent, étudier à
l’étranger peut nous ramener les échanges, n’importe les échanges linguistiques
ou dans la vie personnelle.","Par conséquent, étudier à l’étranger peut nous ramener les échanges, n’importe les échanges linguistiques ou dans la vie personnelle.",N/A,N/A
"Partir étudier à l’étranger, pour ou contre?","Partir étudier à l’étranger, pour ou contre ?",N/A,N/A
"De nos jours, les pays européennes ouvrent ses frontières pour les étudiants des universités.","De nos jours, les pays européens ouvrent leurs frontières pour les étudiants des universités.",N/A,N/A
"D’un
côté, ce phénomène passe pour bénéfique de l’autre il est critiqué.","D’un côté, ce phénomène passe pour le bénéfique de l’autre il est critiqué.",N/A,N/A
"Premièrement, les jeunes qui décident d’étudier à l’étranger, obtiennent la possibilité de connaître
une autre culture.","Premièrement, les jeunes qui décident d’étudier à l’étranger, obtiennent la possibilité de connaître une autre culture.",N/A,N/A
Ils ont forcés de vivre dans un pays qui possède différents coutûmes et tradictions.,Ils ont forcé de vivre dans un pays qui possède différentes cultures et tradictions.,N/A,N/A
"Les étudiants sont donc forcés d’apprendre comment vivre avec les autres, comment les respecter et
comment être tolerants et en même temps garder ses propres identités.","Les étudiants sont donc forcés d’apprendre comment vivre avec les autres, comment les respecter et comment être tolerants et en même temps garder leurs propres identités.",N/A,N/A
"Deuxiémement, aller à l’étranger donne l’opportunité d’apprendre une nouvelle langue.","Deuxièmement, aller à l’étranger donne l’opportunité d’apprendre une nouvelle langue.",N/A,N/A
"Les
étudiants participent aux cours en langue maternelle d’un pays choisi.",Les étudiants participent à des cours de langue maternelle dans un pays choisi.,N/A,N/A
"En plus, ils utilisent la langue
dans les situations cotidiennes, ils développent donc les capacités linguistiques et sociaux.","En plus, ils utilisent la langue dans des situations cotidiennes, ils développent donc des capacités linguistiques et sociales.",N/A,N/A
"En plus, quelque mois passé à l’étranger sans aide des parents, peuvent améliorer les capacités de se
débrouiller dans les situations difficiles.","En plus, quelques mois passés à l’étranger sans aide des parents, peuvent améliorer les capacités de se débrouiller dans les situations difficiles.",N/A,N/A
"Les étudiant ont forcé de résoudre les problèmes touts seuls
ils deviennent donc plus matturés, responsables et independables.","Les étudiants ont forcé de résoudre les problèmes tout seuls ils deviennent donc plus matturés, responsables et independables.",N/A,N/A
"Par contre, beaucoup de gens critiquent l’idée d’étudier à l’étranger.","Par contre, beaucoup de gens critiquent l’idée d’étudier à l’étranger.",N/A,N/A
"Ils pensent que les échanges
internationelles donnent seulement la possibilité de voyager et faire les fêtes et que le niveau
d’apprentissage et vraiement bas.",Ils pensent que les échanges internationaux donnent seulement la possibilité de voyager et faire les fêtes et que le niveau d’apprentissage est vraiment bas.,N/A,N/A
"A mon avis, l’étudier à l’étranger peut être une grande aventure pleins de bénéfits interpersonnells
et aussi intrapersonnells si les étudiants sont concentrés sur l’apprantissage et sur l’ouverture aux
autres cultures.","A mon avis, l’étudier à l’étranger peut être une grande aventure plein de bénéfits interpersonnels et aussi intrapersonnels si les étudiants sont concentrés sur l’apprentissage et sur l’ouverture aux autres cultures.",N/A,N/A
"---

Pour ou contre l’ouverture dominicale des commerces?",--- Pour ou contre l’ouverture dominicale des commerces ?,N/A,N/A
"Aujourd’hui, nous avons beaucoup de possibilités et presque toutes les branches nous essayent de
rendre la vie plus facile.","Aujourd’hui, nous avons beaucoup de possibilités et presque toutes les branches nous essayent de rendre la vie plus facile.",N/A,N/A
"Depuis quelques année, faire des achats le dimanche est le quotidient de
nombreuses de personnes.","Depuis quelques années, faire des achats le dimanche est le quotidien de nombreuses personnes.",N/A,N/A
"Mais, est-ce que l’ouverture dominical de commerces est nécessaire?","Mais, est-ce que l’ouverture dominicale des commerces est nécessaire ?",N/A,N/A
"Premièrement, pour beaucoup de gens, le dimanche est un jour de repos.","Premièrement, pour beaucoup de gens, le dimanche est un jour de repos.",N/A,N/A
"Ils passent du temps avec
la famille et des amis.",Ils passent du temps avec la famille et des amis.,N/A,N/A
"Ils organisent des voyages, visitent des grands-parents et ils ne gaspillent pas
de temps dans les magasins.","Ils organisent des voyages, visitent des grands-parents et ne gaspillent pas de temps dans les magasins.",N/A,N/A
"Deuxièmement, pour les catholiques le dimanche est un jour saint.","Deuxièmement, pour les catholiques le dimanche est un jour saint.",N/A,N/A
"Ils ne travaillent pas, ils passent
du temps avec la famille, ils se reposent et ils vont assister à la messe.","Ils ne travaillent pas, ils passent du temps avec la famille, ils se reposent et ils vont assister à la messe.",N/A,N/A
"De plus, nous devons se rappeler des personnes qui travaillent dans les magasins.","De plus, nous devons se rappeler les personnes qui travaillent dans les magasins.",N/A,N/A
"Ils ont besoin du
temps avec la famille et du repos comme tous.",Ils ont besoin du temps avec la famille et du repos comme tous.,N/A,N/A
Il faut respecter leur temps.,Il faut respecter leur temps.,N/A,N/A
"D’autre part, il y a beaucoup de gens qui travaillent chaque jour et ils n’ont pas de temps pour les
devoirs à la maison.","D’autre part, il y a beaucoup de gens qui travaillent chaque jour et ils n’ont pas de temps pour les devoirs à la maison.",N/A,N/A
"Donc, la possibilité d’aller aux magasins le dimanche est très confortable pour
eux.","Donc, la possibilité d’aller aux magasins le dimanche est très confortable pour eux.",N/A,N/A
"En plus, l’ouverture dominicale des commerces est un bénéfice supplémentaire pour les vendeurs.","En plus, l’ouverture dominicale des commerces est un bénéfice supplémentaire pour les vendeurs.",N/A,N/A
"Ils
peuvent gagner plus d’argent et les affaires prospèrent meiux.",Ils peuvent gagner plus d’argent et les affaires prospèrent plus.,N/A,N/A
"A mon avis, l’ouverture dominicale des commerces a ses avantages et desavantages."," mon avis, l’ouverture dominicale des commerces a ses avantages et ses désavantages.",N/A,N/A
"D’une part, c’est une grand facilité pour les gens, d’autre part, c’est un sacrifice des autres.","D’une part, c’est une grande facilité pour les gens, d’autre part, c’est un sacrifice des autres.",N/A,N/A
"---

Que pensez-vous du réchauffement climatique?",--- Que pensez-vous du réchauffement climatique ?,N/A,N/A
"Aujourd’hui, on parle de plus en plus du réchauffement climatique.","Aujourd’hui, on parle de plus en plus du réchauffement climatique.",N/A,N/A
"Les gouvernements européens
des pays membres de l’UE s’intéressent beaucoup à la question des changements climatiques dans le
monde entier.",Les gouvernements européens des pays membres de l’UE s’intéressent beaucoup à la question des changements climatiques dans le monde entier.,N/A,N/A
"Les institution européennes font chaque année les lois et directives qui devaient être
implementer dans les systèmes legislatives des tous les pays membres de l’UE.",Les institutions européennes font chaque année les lois et directives qui devaient être mises en uvre dans les systèmes législatifs de tous les pays membres de l’UE.,N/A,N/A
"Néanmois, les pays de l’Europe Centrale comme la Pologne ou la République Tschèque dont la
politique xxx se base aux centrales charboniques, ne s’accordent pas avec ces directives imposées
par les pays développés comme la France ou l’Allemagne.","Néanmois, les pays de l’Europe Centrale comme la Pologne ou la République Tchèque dont la politique xxx se base aux centrales charboniques, ne s’accordent pas avec ces directives imposées par les pays développés comme la France ou l’Allemagne.",N/A,N/A
"Moi, je suis un spécialiste dans ce domaine
et je partage l’opinion des gouvernements des pays de la « nouvelle » UE.","Moi, je suis un spécialiste dans ce domaine et je partage l’opinion des gouvernements des pays de la « nouvelle » UE.",N/A,N/A
"Je ne nie pas que le climat a changé depuis la révolution industrielle, commencée à la fin du XVIIIème
sciècle.","Je ne nie pas que le climat a changé depuis la révolution industrielle, qui a commencé à la fin du XVIIIe siècle.",N/A,N/A
"L’augmentation d’emission des gaz d’échappement a causé l’augmentation de la
température moyenne mais on ne sait pas combien cette température aurait augmenté sauf
l’influence de l’industrie.","L’augmentation de l’émission des gaz d’échappement a causé l’augmentation de la température moyenne, mais on ne sait pas combien cette température aurait augmenté sauf l’influence de l’industrie.",N/A,N/A
"D’un autre côté, certains chercheurs constatent que nous vivons maintenant à la fin de l’époque
glaciale et c’est normale que la température va augmenter.","D’un autre côté, certains chercheurs constatent que nous vivons maintenant à la fin de l’époque glaciaire et c’est normal que la température augmente.",N/A,N/A
Il faut toujours trouver un équilibre.,Il faut toujours trouver un équilibre.,N/A,N/A
"---

Partir étudier à l’étranger, pour ou contre?","Partir étudier à l’étranger, pour ou contre ?",N/A,N/A
"Vu que je suis un des étudiants qui est parti étudier à l’étranger je suis totalement pour les études
dehors de son pays.",Vu que je suis un des étudiants qui est parti étudier à l’étranger je suis totalement pour les études hors de son pays.,N/A,N/A
Il y a des bonnes et mauvaises côtés.,Il y a des bonnes et des mauvaises côtés.,N/A,N/A
"Au niveau des finances cela peut être
difficile pour les personnes qui ne sont pas assez « riches » pour partir.","Au niveau des finances, cela peut être difficile pour les personnes qui ne sont pas assez « riches » pour partir.",N/A,N/A
"Néamoins d’après moi il y a
plus des côtés positives et c’est pour cela que je conseille d’étudier à l’étranger.",Néamoins d’après moi il y a plus de côtés positifs et c’est pour cela que je conseille d’étudier à l’étranger.,N/A,N/A
Premièrement on peut connaitre des différentes méthodes d’apprentissage.,Premièrement on peut connaitre différentes méthodes d’apprentissage.,N/A,N/A
"Très souvent, il arrive
que les professeurs de tel ou tel pays ont des systèmes pareils – ce-t-à dire les méthodes qu’ils ont
appris pendant sa éducation à l’école.","Très souvent, il arrive que les professeurs de tel ou tel pays ont des systèmes pareils – ce-t-à-dire les méthodes qu’ils ont apprises pendant leur éducation à l’école.",N/A,N/A
"En plus, les enseignents en France, par exemple xxxxxx.","En plus, les enseignents en France, par exemple xxxxxx.",N/A,N/A
"Les
universités des pays riches, comme la France, l’Allemagne ou l’Angleterre ont plus d’argent pour des
recherches que le Pologne.","Les universités des pays riches, comme la France, l’Allemagne ou l’Angleterre, ont plus d’argent pour les recherches que la Pologne.",N/A,N/A
"Pour les personnes qui veulent développer son savoir ce sont les pays
plus convenables.",Pour les personnes qui veulent développer leur savoir ce sont les pays les plus convenables.,N/A,N/A
"En partent à l’étranger on connait une nouvelle culture, des gens des différent pays et leurs
habitudes.","En partant à l’étranger on connait une nouvelle culture, des gens de différents pays et leurs habitudes.",N/A,N/A
"Tout peut semble être complétement différent : le façon de xxx, la musique,
l’architecture, etc.","Tout peut sembler être complétement différent : la façon de xxx, la musique, l’architecture, etc.",N/A,N/A
On peut en profiter.,On peut en profiter.,N/A,N/A
"Les gens qui vivent dans un seul pays ne connaissent pas
autre vie.",Les gens qui vivent dans un seul pays ne connaissent pas une autre vie.,N/A,N/A
Ils peuvent essayer de vivre avec des petits « modifications » qui xxx le vie.,Ils peuvent essayer de vivre avec des petites « modifications » qui xxx la vie.,N/A,N/A
"En plus, après
avoir connaître quelqu’un de Japon ou bien Australie on peut y aller rendre visite et … connaitre un
autre pays.","En plus, après avoir connu quelqu’un du Japon ou bien d'Australie on peut y aller rendre visite et ... connaître un autre pays.",N/A,N/A
"Pour conclure, je conseille à chaque personne qui hésite de partir étudier de le faire.","Pour conclure, je conseille à chaque personne qui hésite à partir étudier de le faire.",N/A,N/A
"Si elle ne l’aime
pas elle peut toujours rentrer mais au moins elle à fait tout ce qui est possible d’essayer.","Si elle ne l’aime pas elle peut toujours rentrer, mais au moins elle a fait tout ce qui est possible d’essayer.",N/A,N/A
"---

Pour ou contre le travail à distance?",--- Pour ou contre le travail à distance ?,N/A,N/A
"Traditionnellement, les travailleurs exerçaient leurs tâches professionnelles même chez soi, dans les
ateliers aménagés dans leurs maisons.","Traditionnellement, les travailleurs exerçaient leurs tâches professionnelles même chez soi, dans les ateliers aménagés dans leurs maisons.",N/A,N/A
"Une autre situation a lieu au moment où le travailleur quitte
sa maison pour aller travailler.",Une autre situation a lieu au moment où le travailleur quitte sa maison pour aller travailler.,N/A,N/A
"Habituellement, les employés vont travailler dans le siège de
l’entreprise qui les embauche.","Habituellement, les employés vont travailler dans le siège de l’entreprise qui les embauche.",N/A,N/A
"Cependant, le développement des nouveaux moyens de
communication permet de travailler à distance – à partir de chez soi, par exemple.","Cependant, le développement des nouveaux moyens de communication permet de travailler à distance – à partir de chez soi, par exemple.",N/A,N/A
"Il arrive que
l’employeur et l’employé ne se rencontrent pas personnellement mais ils se communiquent à
distance.","Il arrive que l’employeur et l’employé ne se rencontrent pas personnellement, mais qu'ils se communiquent à distance.",N/A,N/A
L’employé reçoit des tâches et renvoie les résultats de son travail au patron.,L’employé reçoit des tâches et renvoie les résultats de son travail au patron.,N/A,N/A
"Ce système de travail-là permet au travailleur de gérer le temps de son travail par soi-même et de
travailler dans plusieurs lieux.",Ce système de travail-là permet au travailleur de gérer le temps de son travail par soi-même et de travailler dans plusieurs lieux.,N/A,N/A
"Le travailleur peut commencer et terminer son travail quand il le juge
convenable, ou à peu près.","Le travailleur peut commencer et terminer son travail quand il le juge convenable, ou à peu près.",N/A,N/A
"Il peut aussi exercer son travail là où il veut, et cela lui donne la liberté de
se déplacer.","Il peut aussi exercer son travail là où il veut, et cela lui donne la liberté de se déplacer.",N/A,N/A
"C’est un système qui pourrait convenir aux jeunes mères qui ont des enfants très petits,
pour les étudiants qui voudraient gagner l’argent.","C’est un système qui pourrait convenir aux jeunes mères qui ont des enfants très petits, pour les étudiants qui voudraient gagner de l’argent.",N/A,N/A
"L’inconvenient du travail à distance est que le travail est fait à la maison et c’est au travailleur de
déterminer son temps de travail.",L’inconvenient du travail à distance est que le travail est fait à la maison et c’est au travailleur de déterminer son temps de travail.,N/A,N/A
C’est difficile.,C’est difficile.,N/A,N/A
"En concluant, c’est très bien d’avoir le choix car ce mode d’exercer le travail donne de nouvelles
possibilités à tous.","En concluant, c’est très bien d’avoir le choix, car ce mode d’exercer le travail donne de nouvelles possibilités à tous.",N/A,N/A
"Partir étudier à l’étranger, pour ou contre?","Partir étudier à l’étranger, pour ou contre ?",N/A,N/A
"Pour moi étudier à l’étranger c’est une bonne idée, c’est une bonne occasion d’apprendre la langue
étrangère.","Pour moi étudier à l’étranger c’est une bonne idée, c’est une bonne occasion d’apprendre la langue étrangère.",N/A,N/A
"Naturellement, il y a beaucoup d’avantage et défauts.","Naturellement, il y a beaucoup d’avantages et de défauts.",N/A,N/A
"Départ à l’étranger pour étudier permet connaître l’histoire et la culture de pays, les mœurs des
gens, visiter les villes et évidemment d’apprendre une langue.","Départ à l’étranger pour étudier permet de connaître l’histoire et la culture du pays, les murs des gens, visiter les villes et évidemment d’apprendre une langue.",N/A,N/A
C’est une bonne occasion pour rencontrer nouveaux amis.,C’est une bonne occasion pour rencontrer de nouveaux amis.,N/A,N/A
Nous pouvons d’avoir excellents moments.,Nous pouvons d’avoir d’excellents moments.,N/A,N/A
"Nous avons beaucoup d’occasion pour utiliser langue étrangère, p.","Nous avons beaucoup d’occasion pour utiliser une langue étrangère, p.",N/A,N/A
ex.,Ex.,N/A,N/A
"communiquer avec vendeurs
dans le magasin, etc.","Communiquer avec les vendeurs dans le magasin, etc.",N/A,N/A
Je veux aller à l’étranger pour étudier c’est mon rêver.,"Je veux aller à l’étranger pour étudier, c’est mon rêve.",N/A,N/A
"---

Partir étudier à l’étranger, pour ou contre?","Partir étudier à l’étranger, pour ou contre ?",N/A,N/A
Je pense qu’il y a beaucoup d’avantages d’étudier à l’étranger et quelques défauts.,Je pense qu’il y a beaucoup d’avantages à étudier à l’étranger et quelques défauts.,N/A,N/A
"Je suis plutôt
pour cette idée, parce que je crois que c’est le meilleur façon d’apprendre la langue étrangère.","Je suis plutôt pour cette idée, parce que je crois que c’est la meilleure façon d’apprendre une langue étrangère.",N/A,N/A
"Ça
permet de connaitre la langue avec la culture, l’histoire et tout ce qui est important dans ce pays.","a permet de connaître la langue avec la culture, l’histoire et tout ce qui est important dans ce pays.",N/A,N/A
Pour connaitre bien la langue il faut parler avec les gens qui vivent là-bas.,"Pour bien connaître la langue, il faut parler avec les gens qui vivent là-bas.",N/A,N/A
"C’est une bonne occasion pour rencontrer nouveaux amis, établir nouveaux contacts et pour
connaitre d’autres cultures.","C’est une bonne occasion pour rencontrer de nouveaux amis, établir de nouveaux contacts et pour connaitre d’autres cultures.",N/A,N/A
Les études à l’étranger peuvent nous aider à forcer la peur.,Les études à l’étranger peuvent nous aider à forcer la peur.,N/A,N/A
"Je pense que grâce aux voyages nous
ouvrions sur le monde et nous voulons se développer.",Je pense que grâce aux voyages nous ouvrions sur le monde et nous voulons nous développer.,N/A,N/A
Je pense que le défaut de cette idée est la longuer après la famille et la maison.,Je pense que le défaut de cette idée est de la longuer après la famille et la maison.,N/A,N/A
"---

Partir étudier à l’étranger, pour ou contre?","Partir étudier à l’étranger, pour ou contre ?",N/A,N/A
"Aujourd’hui être bilingue est une nécessité pour obtenir une travaille ou pour communicai en
vacances à l’étranger.",Aujourd’hui être bilingue est une nécessité pour obtenir un travail ou pour communiquer en vacances à l’étranger.,N/A,N/A
Et qui de mieux pour apprendre une langue qu’une départ à l’étranger pour étudier.,Et qui de mieux pour apprendre une langue qu’un départ à l’étranger pour étudier.,N/A,N/A
Vous pouvez pratciquer avec les natifs du pays.,Vous pouvez pratiquer avec les natifs du pays.,N/A,N/A
"Grâce à vos études, vous pourrez même posséder un
vocabulaire technique propre a un domaine de compètences.","Grâce à vos études, vous pourrez même posséder un vocabulaire technique propre à un domaine de compétences.",N/A,N/A
"Vous pouvez decouvrir une nouvelle culture, ma modalisation à uniformisé la plupart des cultures
mais pas totalement.","Vous pouvez découvrir une nouvelle culture, ma modalisation à uniformiser la plupart des cultures, mais pas totalement.",N/A,N/A
Il y a des autres habitants et aussi les styles de vie que vous pouvez rencontrer.,Il y a d'autres habitants et aussi les styles de vie que vous pouvez rencontrer.,N/A,N/A
"Les méthodes pedagogiques ne sont pas les mêmes ailleurs qu’ici, chez vous.","Les méthodes pédagogiques ne sont pas les mêmes qu’ici, chez vous.",N/A,N/A
"Vous aller adapter à un
milieu d’apprentissage où les règles sont différentes.",Vous allez vous adapter à un milieu d’apprentissage où les règles sont différentes.,N/A,N/A
"Et quand vous accomplissiez cette tâche vous
êtres un bon éléve parce que ça signifie que vous êtes capable de correspondre à les exigences des
autres.","Et quand vous accomplissiez cette tâche, vous serez un bon éléve parce que ça signifie que vous êtes capable de répondre aux exigences des autres.",N/A,N/A
L’étudier à l’étranger peut valoriser votre CV.,L’étude à l’étranger peut valoriser votre CV.,N/A,N/A
"L’objectif ultime des etudes à l’étranger est de mettre
en valeur sa formation.",L’objectif ultime des études à l’étranger est de mettre en valeur sa formation.,N/A,N/A
"Des qualités comme bilinguisme est très recherchées dans le monde de
travail.",Des qualités comme le bilinguisme sont très recherchées dans le monde du travail.,N/A,N/A
"Pour moi partir pour étuder à l’étranger est une option magnifique et j’aimerai faire ça dans la
future.",Pour moi partir pour étudier à l’étranger est une option magnifique et j’aimerais faire ça dans le futur.,N/A,N/A
"---

Pour ou contre l’enseignement séparé de filles et de garçons?",--- Pour ou contre l’enseignement séparé de filles et de garçons ?,N/A,N/A
"Il y a des années, à l’école, les garçons et les filles etaient separés.","Il y a des années, à l’école, les garçons et les filles étaient séparés.",N/A,N/A
"Puis, ce model d’éducation a
change et maintenant on peut frequenter aux écoles xxxx.","Puis, ce modèle d’éducation a changé et maintenant on peut fréquenter les écoles xxxx.",N/A,N/A
"Cette manière d’éducation semble d’être
meuilleure et je voudrais presenter ses avantages.",Cette façon d’éducation semble d’être meuilleure et je voudrais présenter ses avantages.,N/A,N/A
"Premièrement, dans la vie quotidienne, les filles et les garçons vivent ensemble, donc la separation
pendant l’éducation ne sert à rien.","Premièrement, dans la vie quotidienne, les filles et les garçons vivent ensemble, donc la séparation pendant l’éducation ne sert à rien.",N/A,N/A
"On se voit dans la rue, on fait beaucoup d’activités ensemble – la
séparation est une situation artificiel, contre nature, cela peut causer du stress.","On se voit dans la rue, on fait beaucoup d’activités ensemble – la séparation est une situation artificielle, contre nature, cela peut causer du stress.",N/A,N/A
"Puis, les deux sexes, ont en quelque sort, different manière de penser.","Puis, les deux sexes, ont en quelque sorte, différentes façons de penser.",N/A,N/A
"Les garçons, sont, en général,
plus ‘technique’ et les filles plus créative.","Les garçons, sont, en général, plus ‘technique’ et les filles plus créatives.",N/A,N/A
Les premiers enrichissent les autres et à l’envers.,Les premiers enrichissent les autres et à l’envers.,N/A,N/A
"En addition, dans un grand groupe des filles des argument sont plus fréquentes et les filles peuvent
être beaucoup plus cruelles que les garçons.","En plus, dans un grand groupe de filles les arguments sont plus fréquents et les filles peuvent être beaucoup plus cruelles que les garçons.",N/A,N/A
"Les garçons sentent un solidarite très fort avec le
groupe, pour eux c’est facile de travaille ensemble.","Les garçons sentent une solidarité très forte avec le groupe, pour eux c’est facile de travailler ensemble.",N/A,N/A
"Prenant en considération ce difference, il faut melanger les filles et les garçons pour garder le
balance.","Prenant en considération cette différence, il faut melanger les filles et les garçons pour garder le balance.",N/A,N/A
"Les garçons et les filles ont des interests differents mais dans certains cas, il y a des individus qui
préfèrent des activies d’autre sexe – par egzample un fille qui aime jouer au football où un garçon qui
est fou de le mode.","Les garçons et les filles ont des interests différentes, mais dans certains cas, il y a des individus qui préfèrent des activités d’autre sexe – par exemple une fille qui aime jouer au football où un garçon qui est fou de la mode.",N/A,N/A
"Dans un groupe seulement masculine, où seuelemnt feminine des personnes
comme cela peuvent être isole, se sentir très mal.","Dans un groupe seulement masculin, où seuelemnt les femmes des personnes comme cela peut être isolé, se sent très mal.",N/A,N/A
"C’est un autre argument contre l’enseignement
séparé.",C’est un autre argument contre l’enseignement séparé.,N/A,N/A
"A la fin, je voudrais que l’enseignement séparé est un methode vieille qui ne corresponde pas avec le
monde moderne."," la fin, je voudrais que l’enseignement séparé soit une méthode vieille qui ne correspond pas au monde moderne.",N/A,N/A
"Pour conclusion, les garçons et les filles sont different mais ce sont ces differences qui sont important
et qui nous permettent d’être plus sage.","Pour conclure, les garçons et les filles sont différents, mais ce sont ces différences qui sont importantes et qui nous permettent d’être plus sages.",N/A,N/A
"Par exemple les garçons peuvent apprendre la creativite et
les filles peuvent mieux travaille en group.",Par exemple les garçons peuvent apprendre la créativité et les filles peuvent mieux travailler en groupe.,N/A,N/A
On peut profiter beaucoup l’un d’autre.,On peut profiter beaucoup l’un de l’autre.,N/A,N/A
"Nous vivons
ensemble, l’éducation ensemble est n chose naturelle.","Nous vivons ensemble, l’éducation ensemble n'est pas chose naturelle.",N/A,N/A
"Je suis contre l’enseignement separe parce
que l’enseignement co-educatif peut nous donne beaucoup plus.",Je suis contre l’enseignement séparé parce que l’enseignement co-educatif peut nous donner beaucoup plus.,N/A,N/A
"---

Partir étudier à l’étranger, pour ou contre?","Partir étudier à l’étranger, pour ou contre ?",N/A,N/A
"Personnellement, je suis pour partir étudier à l’étranger parce que je trouve que c’est une expérince
très enrichissante.","Personnellement, je suis pour partir étudier à l’étranger parce que je trouve que c’est une expérience très enrichissante.",N/A,N/A
"Tout d’abord, pour bien apprendre une langue il faut la pratiquer tous les jours.","Tout d’abord, pour bien apprendre une langue, il faut la pratiquer tous les jours.",N/A,N/A
L’apprentissage de la langue sur place est la meilleure solution pour devenir bilingue.,L’apprentissage de la langue sur place est la meilleure solution pour devenir bilingue.,N/A,N/A
"Dans la vie
professionnelle il est toujours bien vu de parler plusieurs langues mais cela aussi peut faciliter vos
voyages, et les rencontres avec des personnes venant d’autres pays.","Dans la vie professionnelle il est toujours bien vu de parler plusieurs langues, mais cela aussi peut faciliter vos voyages et les rencontres avec des personnes venant d’autres pays.",N/A,N/A
Il peut être intéressant de voir d’autres mode de vie et d’apprendre une nouvelle culture.,Il peut être intéressant de voir d’autres modes de vie et d’apprendre une nouvelle culture.,N/A,N/A
"On s’ouvre
au monde et aux autres – on apprend à connaitre une culture en profondeur ex.",On s’ouvre au monde et aux autres – on apprend à connaître une culture en profondeur ex.,N/A,N/A
"cinéma, radion,
télévision, nourriture, fêtes et vie de tous les jours.","Film, radio, télévision, nourriture, fêtes et vie de tous les jours.",N/A,N/A
"---

Partir étudier à l’étranger, pour ou contre?","Partir étudier à l’étranger, pour ou contre ?",N/A,N/A
"D’après moi les études en France ou dans un autre pays étranger est très bon choix pour les
personnes qui veulent apprendre un langue étrangère.",D’après moi les études en France ou dans un autre pays étranger est un très bon choix pour les personnes qui veulent apprendre une langue étrangère.,N/A,N/A
"Les arguments pour ce sont aussi : rencontrer les nouvelles personnes, visiter le pays, connaître la
culture de pays ou nous sommes.","Les arguments pour ce sont aussi : rencontrer les nouvelles personnes, visiter le pays, connaître la culture du pays ou nous sommes.",N/A,N/A
"La personne qui étudie à l’étranger a le contact fixe avec une langue et grâce à ça elle peut connaître
la langue vive.",La personne qui étudie à l’étranger a le contact fixe avec une langue et grâce à ça elle peut connaître la langue vive.,N/A,N/A
"Malheureusement, cette personne est loin de sa maison elle n’a pas des amies et elle reste sa vie
dans le pays maternelle.","Malheureusement, cette personne est loin de sa maison elle n’a pas des amies et elle reste sa vie dans le pays maternelle.",N/A,N/A
Les coûts de vie sont chèr et c’est difficile pour des personnes qui habitent dans les pays pauvres.,Les coûts de vie sont chers et c’est difficile pour des personnes qui habitent dans des pays pauvres.,N/A,N/A
"Parfois la situation dans un pays est difficile et compliquée par exemple la politique ou la situation
sociale.",Parfois la situation dans un pays est difficile et compliquée par exemple la politique ou la situation sociale.,N/A,N/A
Ce sont des nuances importantes que nous pouvons respectées.,Ce sont des nuances importantes que nous pouvons respecter.,N/A,N/A
En généal il y a beaucoup de qualité quand on part à l’étranger pour apprendre la langue.,En général il y a beaucoup de qualité quand on part à l’étranger pour apprendre la langue.,N/A,N/A
"La
meilleure solution pour très bien connaître la langue c’est séjour dans un autre pays.",La meilleure solution pour très bien connaître la langue est de séjourner dans un autre pays.,N/A,N/A
"Je
recommender les études à l’étranger parce que c’est bon choix.",Je recommande d'étudier à l’étranger parce que c’est un bon choix.,N/A,N/A
"---

Pensez-vous que tous les musées devraient être gratuits?",--- Pensez-vous que tous les musées devraient être gratuits ?,N/A,N/A
"Il y a des musées qui sont gratuits, mais il y a aussi beaucoup d’eux qui ne sont pas.","Il y a des musées qui sont gratuits, mais il y a aussi beaucoup d’entre eux qui ne le sont pas.",N/A,N/A
"Au même temps
il y a de moins en moins de gens qui viennent aux musées.","Au même temps, il y a de moins en moins de gens qui viennent aux musées.",N/A,N/A
"Est-ce que tous les musées devraient être
gratuits pour encourager les gens à les visiter?",Est-ce que tous les musées devraient être gratuits pour encourager les gens à les visiter ?,N/A,N/A
"D’abord, les musées, ou on doit payer pour les visiter sont souvent plus intéressants que ces qui sont
gratuits.","D’abord, les musées, ou on doit payer pour les visiter, sont souvent plus intéressants que ceux qui sont gratuits.",N/A,N/A
"Les propriéteurs peuvent faire plus de choses pour atirer les visiteurs, parce q’ils ont plus de
l’argent.","Les propriétaires peuvent faire plus de choses pour atirer les visiteurs, parce qu’ils ont plus d’argent.",N/A,N/A
D’autre côté les musées gratuits pourraient avoir plus de visiteurs.,D’autre part les musées gratuits pourraient avoir plus de visiteurs.,N/A,N/A
"Les gens deviendraient plus
intéressés à la culture.",Les gens deviendraient plus intéressés par la culture.,N/A,N/A
Ça pourrait améliorer la niveau d’éducation en pays.,a pourrait améliorer le niveau d’éducation dans les pays.,N/A,N/A
Mais on ne peut pas être sûr que tout le monde veulent visiter les musées qui serait gratuits.,Mais on ne peut pas être sûr que tout le monde veulent visiter les musées qui seraient gratuits.,N/A,N/A
Maintenant il y a aussi beaucoup d’eux et les gens ne les visitent pas.,Maintenant il y a aussi beaucoup d’entre eux et les gens qui ne les visitent pas.,N/A,N/A
"En plus, il y a aussi des musées qui sont très populaires malgré que les billets pour les visiter sont
chers – par example Auschwitz en Pologne.","En plus, il y a aussi des musées qui sont très populaires malgré que les billets pour les visiter sont chers – par exemple Auschwitz en Pologne.",N/A,N/A
"Si ces musées étaient gratuits, ce serait pas possible de
les visiter dans quelques années.","Si ces musées étaient gratuits, ce ne serait pas possible de les visiter dans quelques années.",N/A,N/A
"Je pense, que les musées ne devraient pas être gratuits.","Je pense, que les musées ne devraient pas être gratuits.",N/A,N/A
"Les propriéteurs doivent avoir l’argent pour
les améliorer.",Les propriétaires doivent avoir l’argent pour les améliorer.,N/A,N/A
"Je crois que les gens qui ne viennent pas aux musées maintenent, n’y viendraient pas
s’ils étaient gratuits, parce qu’ils ne sont pas interessés à la culture.","Je crois que les gens qui ne viennent pas aux musées maintenent, n’y viendraient pas s’ils étaient gratuits, parce qu’ils ne sont pas intéressés par la culture.",N/A,N/A
"C’est aussi mieux de payer quelques euros et visiter le musée qui est en bon état, que voire le musée
gratuit qui est négligé.","C’est aussi mieux de payer quelques euros et de visiter le musée qui est en bon état, que voire le musée gratuit qui est négligé.",N/A,N/A
"---

Partir étudier à l’étranger, pour ou contre?","Partir étudier à l’étranger, pour ou contre ?",N/A,N/A
Partir étudier à l’étranger c’est une bonne idée pour les étudiants de langues et les autres.,Partir étudier à l’étranger c’est une bonne idée pour les étudiants de langues et les autres.,N/A,N/A
"En deux
cas, on approfondit la langue et la filière d’études.","En deux cas, on approfondit la langue et la filière d’études.",N/A,N/A
"Pour les polonais c’est un peu plus complique d’aller à l’étranger pour étudie parce qu’on a des
études gratuites en Pologne.","Pour les Polonais, c’est un peu plus compliqué d’aller à l’étranger pour étudier parce qu’on a des études gratuites en Pologne.",N/A,N/A
"A cause de cela, beaucoup de gens restent ici pour faire les etudes."," cause de cela, beaucoup de gens restent ici pour faire des études.",N/A,N/A
"C’est un grand desavantage pour les gens pauvres car les études aux Etats Unis ou Angleterre
coûtent la fortune.","C’est un grand désavantage pour les gens pauvres, car les études aux États-Unis ou en Angleterre coûtent la fortune.",N/A,N/A
Parfois les étudiantes n’aiment pas rester aussi loin de leur familles.,Parfois les étudiantes n’aiment pas rester aussi loin de leur famille.,N/A,N/A
"C’est vrai que dans nouvelle
environnement on peut sentir seul très rapide.","C’est vrai que dans un nouvel environnement, on peut se sentir seul très rapidement.",N/A,N/A
"Les étudiantes qui decident aller faire ces études,
doivent être préparés pour changement de la culture.","Les étudiantes qui décident d'aller faire ces études, doivent être préparées pour un changement de culture.",N/A,N/A
"C’est-à-dire changement de tous les choses
qu’on connait en générale et aussi les choses plus élémentaire comme la nourriture ou le transport
en commun.",C’est-à-dire le changement de toutes les choses qu’on connait en général et aussi les choses plus élémentaires comme la nourriture ou le transport en commun.,N/A,N/A
"Mais cela fait partie de notre apprentissage des autres cultures, des autres nationalité
etc.","Mais cela fait partie de notre apprentissage des autres cultures, des autres nationalités, etc.",N/A,N/A
"En générale, je suis pour faire autant des voyages que possible donc je suis aussi « pour » pour aller à
l’étranger.","En général, je suis pour faire autant de voyages que possible donc je suis aussi « pour » aller à l’étranger.",N/A,N/A
J’ai déjà fait mes études en France donc je peux dire hônnettement que je recommande.,J’ai déjà fait mes études en France donc je peux dire hônnettement ce que je recommande.,N/A,N/A
Les études en France m’ont donné beaucoup et je vais se souvenir cela jusqu’à la fin de ma vie.,Les études en France m’ont beaucoup donné et je vais me souvenir de cela jusqu’à la fin de ma vie.,N/A,N/A
"Je
peux dire maintenant que je comprends plus la culture française.",Je peux dire maintenant que je comprends plus la culture française.,N/A,N/A
"Je vois bien les différence entre la
Pologne et la France.",Je vois bien les différences entre la Pologne et la France.,N/A,N/A
Je peux me communiquer en deux langues étrangères facilement.,Je peux me communiquer en deux langues étrangères facilement.,N/A,N/A
"J’ai appris
beaucoup sur la littérature ou les courants artistiques en France.",J’ai beaucoup appris sur la littérature ou les courants artistiques en France.,N/A,N/A
"C’était très inspirant de voir, de
visiter tout les choses à Paris que j’avais appris pendant des année de mon apprentissage de français.","C’était très inspirant de voir, de visiter toutes les choses à Paris que j’avais apprises pendant des années de mon apprentissage de français.",N/A,N/A
